# Authentication & OAuth redirects
# Handle base OAuth paths
/oauth                     /platform/oauth/overview          301
/oauth/                    /platform/oauth/overview          301
/platform/oauth           /platform/oauth/overview          301
/platform/oauth/          /platform/oauth/overview          301

# Handle OAuth docs and subpaths
/oauth/docs/*             /platform/oauth/overview          301
/platform/oauth/docs/*    /platform/oauth/overview          301
/oauth/*                  /platform/oauth/overview          301
/platform/oauth/*         /platform/oauth/overview          301

# API Documentation redirects
/webhook                  /platform/webhook                 301
/webhook/                 /platform/webhook                 301
/webhook/*                /platform/webhook                 301

# Infrastructure redirects
/colocation              /platform/colocation              301
/colocation/             /platform/colocation              301
/colocation/*            /platform/colocation              301

# Platform documentation redirects
/overview                /platform/overview                301
/overview/               /platform/overview                301
/overview/*              /platform/overview                301

# Development resources
/platform/sdks           /sdks                             301
/platform/sdks/          /sdks                             301
/platform/sdks/*         /sdks                             301

# Reference documentation
/platform/glossary       /glossary                         301
/platform/glossary/      /glossary                         301
/platform/glossary/*     /glossary                         301

# Support documentation
/platform/faq            /faq                              301
/platform/faq/           /faq                              301
/platform/faq/*          /faq                              301
